{
    "cycle_count": 79846,
    "cycles_per_second": 7543.751483084086,
    "fabric_x": 11,
    "fabric_y": 6,
    "hwtile_count": 40,
    "idle_ce_cycles": 15551,
    "idle_wavelet_cycles": 15588,
    "init_time": 0.05443215370178223,
    "iotile_count": 4,
    "nodes": 1,
    "nultile_count": 56,
    "sim_stop_cause": "Stop due to user request",
    "sim_time": 10.584388971328735,
    "simulated_tile_count": 44,
    "sunset_count": 0,
    "threads": 5,
    "tile_count": 100,
    "tile_cycles_per_second": 331925.0652556998,
    "tile_cycles_per_second_per_thread": 66385.01305113996,
    "total_time": 10.638821125030518
}
