{
    "cycle_count": 102249,
    "cycles_per_second": 12598.192987480428,
    "fabric_x": 11,
    "fabric_y": 6,
    "hwtile_count": 40,
    "idle_ce_cycles": 8645,
    "idle_wavelet_cycles": 8682,
    "init_time": 0.31264495849609375,
    "iotile_count": 4,
    "nodes": 1,
    "nultile_count": 56,
    "sim_stop_cause": "Stop due to user request",
    "sim_time": 8.116163969039917,
    "simulated_tile_count": 44,
    "sunset_count": 0,
    "threads": 5,
    "tile_count": 100,
    "tile_cycles_per_second": 554320.4914491388,
    "tile_cycles_per_second_per_thread": 110864.09828982777,
    "total_time": 8.42880892753601
}
