{
    "cycle_count": 104114,
    "cycles_per_second": 11246.457595648419,
    "fabric_x": 11,
    "fabric_y": 6,
    "hwtile_count": 40,
    "idle_ce_cycles": 10491,
    "idle_wavelet_cycles": 10528,
    "init_time": 0.12138819694519043,
    "iotile_count": 4,
    "nodes": 1,
    "nultile_count": 56,
    "sim_stop_cause": "Stop due to user request",
    "sim_time": 9.257492780685425,
    "simulated_tile_count": 44,
    "sunset_count": 0,
    "threads": 5,
    "tile_count": 100,
    "tile_cycles_per_second": 494844.1342085304,
    "tile_cycles_per_second_per_thread": 98968.82684170609,
    "total_time": 9.378880977630615
}
