{
    "cycle_count": 143261,
    "cycles_per_second": 9702.70671239851,
    "fabric_x": 11,
    "fabric_y": 6,
    "hwtile_count": 40,
    "idle_ce_cycles": 20453,
    "idle_wavelet_cycles": 20490,
    "init_time": 0.2587769031524658,
    "iotile_count": 4,
    "nodes": 1,
    "nultile_count": 56,
    "sim_stop_cause": "Stop due to user request",
    "sim_time": 14.765055179595947,
    "simulated_tile_count": 44,
    "sunset_count": 0,
    "threads": 5,
    "tile_count": 100,
    "tile_cycles_per_second": 426919.0953455345,
    "tile_cycles_per_second_per_thread": 85383.8190691069,
    "total_time": 15.023832082748413
}
