{
    "cycle_count": 148747,
    "cycles_per_second": 11168.06401401352,
    "fabric_x": 11,
    "fabric_y": 6,
    "hwtile_count": 40,
    "idle_ce_cycles": 25939,
    "idle_wavelet_cycles": 25976,
    "init_time": 0.10198688507080078,
    "iotile_count": 4,
    "nodes": 1,
    "nultile_count": 56,
    "sim_stop_cause": "Stop due to user request",
    "sim_time": 13.318960189819336,
    "simulated_tile_count": 44,
    "sunset_count": 0,
    "threads": 5,
    "tile_count": 100,
    "tile_cycles_per_second": 491394.8166165949,
    "tile_cycles_per_second_per_thread": 98278.96332331898,
    "total_time": 13.420947074890137
}
