{
    "cycle_count": 80964,
    "cycles_per_second": 8109.827423606691,
    "fabric_x": 11,
    "fabric_y": 6,
    "hwtile_count": 40,
    "idle_ce_cycles": 16668,
    "idle_wavelet_cycles": 16705,
    "init_time": 0.044200897216796875,
    "iotile_count": 4,
    "nodes": 1,
    "nultile_count": 56,
    "sim_stop_cause": "Stop due to user request",
    "sim_time": 9.983443021774292,
    "simulated_tile_count": 44,
    "sunset_count": 0,
    "threads": 5,
    "tile_count": 100,
    "tile_cycles_per_second": 356832.4066386944,
    "tile_cycles_per_second_per_thread": 71366.48132773887,
    "total_time": 10.027643918991089
}
