{
    "cycle_count": 67205,
    "cycles_per_second": 9144.847494387277,
    "fabric_x": 11,
    "fabric_y": 6,
    "hwtile_count": 40,
    "idle_ce_cycles": 16389,
    "idle_wavelet_cycles": 16426,
    "init_time": 0.09531807899475098,
    "iotile_count": 4,
    "nodes": 1,
    "nultile_count": 56,
    "sim_stop_cause": "Stop due to user request",
    "sim_time": 7.348947048187256,
    "simulated_tile_count": 44,
    "sunset_count": 0,
    "threads": 5,
    "tile_count": 100,
    "tile_cycles_per_second": 402373.2897530402,
    "tile_cycles_per_second_per_thread": 80474.65795060803,
    "total_time": 7.444265127182007
}
