{
    "cycle_count": 89099,
    "cycles_per_second": 11888.770409841074,
    "fabric_x": 11,
    "fabric_y": 6,
    "hwtile_count": 40,
    "idle_ce_cycles": 24802,
    "idle_wavelet_cycles": 24839,
    "init_time": 0.07223892211914063,
    "iotile_count": 4,
    "nodes": 1,
    "nultile_count": 56,
    "sim_stop_cause": "Stop due to user request",
    "sim_time": 7.494383096694946,
    "simulated_tile_count": 44,
    "sunset_count": 0,
    "threads": 5,
    "tile_count": 100,
    "tile_cycles_per_second": 523105.8980330073,
    "tile_cycles_per_second_per_thread": 104621.17960660145,
    "total_time": 7.566622018814087
}
