{
    "cycle_count": 76322,
    "cycles_per_second": 8117.121850494114,
    "fabric_x": 11,
    "fabric_y": 6,
    "hwtile_count": 40,
    "idle_ce_cycles": 12026,
    "idle_wavelet_cycles": 12063,
    "init_time": 0.045089006423950195,
    "iotile_count": 4,
    "nodes": 1,
    "nultile_count": 56,
    "sim_stop_cause": "Stop due to user request",
    "sim_time": 9.402593851089478,
    "simulated_tile_count": 44,
    "sunset_count": 0,
    "threads": 5,
    "tile_count": 100,
    "tile_cycles_per_second": 357153.361421741,
    "tile_cycles_per_second_per_thread": 71430.6722843482,
    "total_time": 9.447682857513428
}
