{
    "cycle_count": 2298632,
    "cycles_per_second": 9624.499794940491,
    "fabric_x": 11,
    "fabric_y": 6,
    "hwtile_count": 40,
    "idle_ce_cycles": 26974,
    "idle_wavelet_cycles": 27011,
    "init_time": 0.05455613136291504,
    "iotile_count": 4,
    "nodes": 1,
    "nultile_count": 56,
    "sim_stop_cause": "Stop due to user request",
    "sim_time": 238.83132100105286,
    "simulated_tile_count": 44,
    "sunset_count": 0,
    "threads": 5,
    "tile_count": 100,
    "tile_cycles_per_second": 423477.99097738165,
    "tile_cycles_per_second_per_thread": 84695.59819547633,
    "total_time": 238.88587713241577
}
