{
    "cycle_count": 97979,
    "cycles_per_second": 12801.974069188538,
    "fabric_x": 11,
    "fabric_y": 6,
    "hwtile_count": 40,
    "idle_ce_cycles": 25375,
    "idle_wavelet_cycles": 25412,
    "init_time": 0.15666794776916504,
    "iotile_count": 4,
    "nodes": 1,
    "nultile_count": 56,
    "sim_stop_cause": "Stop due to user request",
    "sim_time": 7.65342903137207,
    "simulated_tile_count": 44,
    "sunset_count": 0,
    "threads": 5,
    "tile_count": 100,
    "tile_cycles_per_second": 563286.8590442957,
    "tile_cycles_per_second_per_thread": 112657.37180885914,
    "total_time": 7.810096979141235
}
