{
    "cycle_count": 98999,
    "cycles_per_second": 7891.970525450628,
    "fabric_x": 11,
    "fabric_y": 6,
    "hwtile_count": 40,
    "idle_ce_cycles": 4233,
    "idle_wavelet_cycles": 4270,
    "init_time": 0.20533514022827148,
    "iotile_count": 4,
    "nodes": 1,
    "nultile_count": 56,
    "sim_stop_cause": "Stop due to user request",
    "sim_time": 12.54426884651184,
    "simulated_tile_count": 44,
    "sunset_count": 0,
    "threads": 5,
    "tile_count": 100,
    "tile_cycles_per_second": 347246.7031198276,
    "tile_cycles_per_second_per_thread": 69449.34062396552,
    "total_time": 12.749603986740112
}
