{
    "cycle_count": 118278,
    "cycles_per_second": 8448.403824849505,
    "fabric_x": 11,
    "fabric_y": 6,
    "hwtile_count": 40,
    "idle_ce_cycles": 16908,
    "idle_wavelet_cycles": 16945,
    "init_time": 0.14467406272888184,
    "iotile_count": 4,
    "nodes": 1,
    "nultile_count": 56,
    "sim_stop_cause": "Stop due to user request",
    "sim_time": 14.000041007995605,
    "simulated_tile_count": 44,
    "sunset_count": 0,
    "threads": 5,
    "tile_count": 100,
    "tile_cycles_per_second": 371729.76829337823,
    "tile_cycles_per_second_per_thread": 74345.95365867564,
    "total_time": 14.144715070724487
}
