{
    "cycle_count": 104554,
    "cycles_per_second": 12295.339882922503,
    "fabric_x": 11,
    "fabric_y": 6,
    "hwtile_count": 40,
    "idle_ce_cycles": 22333,
    "idle_wavelet_cycles": 22380,
    "init_time": 0.08038496971130371,
    "iotile_count": 4,
    "nodes": 1,
    "nultile_count": 56,
    "sim_stop_cause": "Stop due to user request",
    "sim_time": 8.503546953201294,
    "simulated_tile_count": 44,
    "sunset_count": 0,
    "threads": 5,
    "tile_count": 100,
    "tile_cycles_per_second": 540994.9548485901,
    "tile_cycles_per_second_per_thread": 108198.99096971801,
    "total_time": 8.583931922912598
}
