{
    "cycle_count": 103509,
    "cycles_per_second": 11540.55194225378,
    "fabric_x": 11,
    "fabric_y": 6,
    "hwtile_count": 40,
    "idle_ce_cycles": 21288,
    "idle_wavelet_cycles": 21335,
    "init_time": 0.044731855392456055,
    "iotile_count": 4,
    "nodes": 1,
    "nultile_count": 56,
    "sim_stop_cause": "Stop due to user request",
    "sim_time": 8.969155073165894,
    "simulated_tile_count": 44,
    "sunset_count": 0,
    "threads": 5,
    "tile_count": 100,
    "tile_cycles_per_second": 507784.28545916633,
    "tile_cycles_per_second_per_thread": 101556.85709183327,
    "total_time": 9.01388692855835
}
