{
    "cycle_count": 178136,
    "cycles_per_second": 9974.80650585325,
    "fabric_x": 11,
    "fabric_y": 6,
    "hwtile_count": 40,
    "idle_ce_cycles": 21452,
    "idle_wavelet_cycles": 21489,
    "init_time": 0.04449009895324707,
    "iotile_count": 4,
    "nodes": 1,
    "nultile_count": 56,
    "sim_stop_cause": "Stop due to user request",
    "sim_time": 17.85859203338623,
    "simulated_tile_count": 44,
    "sunset_count": 0,
    "threads": 5,
    "tile_count": 100,
    "tile_cycles_per_second": 438891.48625754303,
    "tile_cycles_per_second_per_thread": 87778.2972515086,
    "total_time": 17.903082132339478
}
