{
    "cycle_count": 103596,
    "cycles_per_second": 11810.950826067485,
    "fabric_x": 11,
    "fabric_y": 6,
    "hwtile_count": 40,
    "idle_ce_cycles": 21375,
    "idle_wavelet_cycles": 21422,
    "init_time": 0.05310702323913574,
    "iotile_count": 4,
    "nodes": 1,
    "nultile_count": 56,
    "sim_stop_cause": "Stop due to user request",
    "sim_time": 8.7711820602417,
    "simulated_tile_count": 44,
    "sunset_count": 0,
    "threads": 5,
    "tile_count": 100,
    "tile_cycles_per_second": 519681.83634696936,
    "tile_cycles_per_second_per_thread": 103936.36726939387,
    "total_time": 8.824289083480835
}
